Steuerbares Einkommen;Einheitssteuersatz %
 100.00 ; 1.95 
 3’300.00 ; 1.98 
 3’400.00 ; 2.01 
 3’500.00 ; 2.03 
 3’600.00 ; 2.06 
 3’700.00 ; 2.08 
 3’800.00 ; 2.10 
 3’900.00 ; 2.12 
 4’000.00 ; 2.14 
 4’100.00 ; 2.16 
 4’200.00 ; 2.18 
 4’300.00 ; 2.19 
 4’400.00 ; 2.21 
 4’500.00 ;2.2244
 4’600.00 ;2.2391
 4’700.00 ;2.2532
 4’800.00 ;2.2667
 4’900.00 ;2.2796
 5’000.00 ;2.292
 5’100.00 ;2.3039
 5’200.00 ;2.3154
 5’300.00 ;2.3264
 5’400.00 ;2.337
 5’500.00 ;2.3473
 5’600.00 ;2.3571
 5’700.00 ;2.3667
 5’800.00 ; 2.38 
 5’900.00 ; 2.38 
 6’000.00 ; 2.39 
 6’100.00 ; 2.40 
 6’200.00 ; 2.41 
 6’300.00 ; 2.42 
 6’400.00 ; 2.43 
 6’500.00 ; 2.44 
 6’600.00 ; 2.46 
 6’700.00 ; 2.48 
 6’800.00 ; 2.49 
 6’900.00 ; 2.51 
 7’000.00 ; 2.53 
7100;2.5408
7200;2.5556
7300;2.5699
7400;2.5838
7500;2.5973
7600;2.6105
7700;2.6234
7800;2.6359
7900;2.6481
8000;2.66
8100;2.6716
8200;2.6829
8300;2.694
8400;2.7048
8500;2.7153
8600;2.7256
8700;2.7356
8800;2.7455
8900;2.7551
9000;2.7644
9100;2.7736
9200;2.7826
9300;2.7914
9400;2.8
9500;2.8084
9600;2.8167
9700;2.8247
9800;2.8327
9900;2.8404
10000;2.848
10100;2.8554
10200;2.8627
10300;2.8699
10400;2.8769
10500;2.8838
10600;2.8906
10700;2.8972
10800;2.9037
10900;2.9101
11000;2.9164
11100;2.9225
11200;2.9286
11300;2.9345
11400;2.9404
11500;2.9461
11600;2.9517
11700;2.9573
11800;2.9627
11900;2.9681
12000;2.9733
12100;2.9785
12200;2.9836
12300;2.9886
12400;2.9935
12500;2.9984
12600;3.0032
12700;3.0079
12800;3.0125
12900;3.0171
13000;3.0215
13100;3.026
13200;3.0303
13300;3.0346
13400;3.0388
13500;3.043
13600;3.0471
13700;3.0511
13800;3.0551
13900;3.059
14000;3.0629
14100;3.0667
14200;3.0704
14300;3.0741
14400;3.0778
14500;3.0814
14600;3.0849
14700;3.0884
14800;3.0919
14900;3.0953
15000;3.0987
15100;3.102
15200;3.1053
15300;3.1085
15400;3.1117
15500;3.1148
15600;3.1179
15700;3.121
15800;3.1241
15900;3.127
16000;3.13
16100;3.1363
16200;3.1426
16300;3.1488
16400;3.1549
16500;3.1609
16600;3.1669
16700;3.1728
16800;3.1786
16900;3.1843
17000;3.19
17100;3.1956
17200;3.2012
17300;3.2066
17400;3.2121
17500;3.2174
17600;3.2227
17700;3.228
17800;3.2331
17900;3.2383
18000;3.2433
18100;3.2483
18200;3.2533
18300;3.2582
18400;3.263
18500;3.2678
18600;3.2726
18700;3.2773
18800;3.2819
18900;3.2865
19000;3.2911
19100;3.2955
19200;3.3
19300;3.3044
19400;3.3088
19500;3.3131
19600;3.3173
19700;3.3216
19800;3.3258
19900;3.3299
20000;3.334
20100;3.3381
20200;3.3421
20300;3.3461
20400;3.35
20500;3.3539
20600;3.3578
20700;3.3616
20800;3.3654
20900;3.3691
21000;3.3729
21100;3.3765
21200;3.3802
21300;3.3838
21400;3.3874
21500;3.3909
21600;3.3944
21700;3.3979
21800;3.4014
21900;3.4048
22000;3.4082
22100;3.4115
22200;3.4149
22300;3.4182
22400;3.4214
22500;3.4247
22600;3.4279
22700;3.4311
22800;3.4342
22900;3.4373
23000;3.4404
23100;3.4435
23200;3.4466
23300;3.4496
23400;3.4526
23500;3.4555
23600;3.4585
23700;3.4614
23800;3.4643
23900;3.4672
24000;3.47
24100;3.4728
24200;3.4756
24300;3.4784
24400;3.4811
24500;3.4839
24600;3.4866
24700;3.4893
24800;3.4919
24900;3.4946
25000;3.4972
25100;3.4998
25200;3.5024
25300;3.5049
25400;3.5075
25500;3.51
25600;3.5125
25700;3.515
25800;3.5174
25900;3.5199
26000;3.5223
26100;3.5247
26200;3.5271
26300;3.5295
26400;3.5318
26500;3.5342
26600;3.5365
26700;3.5388
26800;3.541
26900;3.5433
27000;3.5456
27100;3.5478
27200;3.55
27300;3.5522
27400;3.5544
27500;3.5565
27600;3.5587
27700;3.5608
27800;3.5629
27900;3.5651
28000;3.5671
28100;3.5692
28200;3.5713
28300;3.5733
28400;3.5754
28500;3.5774
28600;3.5794
28700;3.5814
28800;3.5833
28900;3.5853
29000;3.5872
29100;3.5892
29200;3.5911
29300;3.593
29400;3.5949
29500;3.5968
29600;3.5986
29700;3.6005
29800;3.6023
29900;3.6042
30000;3.606
30100;3.6078
30200;3.6096
30300;3.6114
30400;3.6132
30500;3.6149
30600;3.6167
30700;3.6184
30800;3.6201
30900;3.6218
31000;3.6235
31100;3.6252
31200;3.6269
31300;3.6286
31400;3.6303
31500;3.6319
31600;3.6335
31700;3.6352
31800;3.6368
31900;3.6393
32000;3.6419
32100;3.6444
32200;3.6469
32300;3.6494
32400;3.6519
32500;3.6543
32600;3.6567
32700;3.6592
32800;3.6616
32900;3.664
33000;3.6664
33100;3.6687
33200;3.6711
33300;3.6734
33400;3.6757
33500;3.6781
33600;3.6804
33700;3.6826
33800;3.6849
33900;3.6872
34000;3.6894
34100;3.6916
34200;3.6939
34300;3.6961
34400;3.6983
34500;3.7004
34600;3.7026
34700;3.7048
34800;3.7069
34900;3.709
35000;3.7111
35100;3.7132
35200;3.7153
35300;3.7174
35400;3.7195
35500;3.7215
35600;3.7236
35700;3.7256
35800;3.7277
35900;3.7297
36000;3.7317
36100;3.7337
36200;3.7356
36300;3.7376
36400;3.7396
36500;3.7415
36600;3.7434
36700;3.7454
36800;3.7473
36900;3.7492
37000;3.7511
37100;3.753
37200;3.7548
37300;3.7567
37400;3.7586
37500;3.7604
37600;3.7622
37700;3.7641
37800;3.7659
37900;3.7677
38000;3.7695
38100;3.7713
38200;3.773
38300;3.7748
38400;3.7766
38500;3.7783
38600;3.7801
38700;3.7818
38800;3.7835
38900;3.7852
39000;3.7869
39100;3.7886
39200;3.7903
39300;3.792
39400;3.7937
39500;3.7953
39600;3.797
39700;3.7986
39800;3.8003
39900;3.8019
40000;3.8035
40100;3.8051
40200;3.8067
40300;3.8083
40400;3.8099
40500;3.8115
40600;3.8131
40700;3.8146
40800;3.8162
40900;3.8177
41000;3.8193
41100;3.8208
41200;3.8223
41300;3.8238
41400;3.8254
41500;3.8269
41600;3.8284
41700;3.8299
41800;3.8313
41900;3.8328
42000;3.8343
42100;3.8357
42200;3.8372
42300;3.8387
42400;3.8401
42500;3.8415
42600;3.843
42700;3.8444
42800;3.8458
42900;3.8472
43000;3.8486
43100;3.85
43200;3.8514
43300;3.8528
43400;3.8541
43500;3.8555
43600;3.8569
43700;3.8582
43800;3.8596
43900;3.8609
44000;3.8623
44100;3.8636
44200;3.8649
44300;3.8663
44400;3.8676
44500;3.8689
44600;3.8702
44700;3.8715
44800;3.8728
44900;3.8741
45000;3.8753
45100;3.8766
45200;3.8779
45300;3.8791
45400;3.8804
45500;3.8816
45600;3.8829
45700;3.8841
45800;3.8854
45900;3.8866
46000;3.8878
46100;3.889
46200;3.8903
46300;3.8915
46400;3.8927
46500;3.8939
46600;3.8951
46700;3.8963
46800;3.8974
46900;3.8986
47000;3.8998
47100;3.901
47200;3.9021
47300;3.9033
47400;3.9044
47500;3.9056
47600;3.9067
47700;3.9079
47800;3.909
47900;3.9101
48000;3.9113
48100;3.9124
48200;3.9135
48300;3.9146
48400;3.9157
48500;3.9168
48600;3.9179
48700;3.919
48800;3.9201
48900;3.9212
49000;3.9222
49100;3.9233
49200;3.9244
49300;3.9255
49400;3.9265
49500;3.9276
49600;3.9286
49700;3.9297
49800;3.9307
49900;3.9318
50000;3.9328
50100;3.9338
50200;3.9349
50300;3.9359
50400;3.9369
50500;3.9379
50600;3.9389
50700;3.9399
50800;3.9409
50900;3.9419
51000;3.9429
51100;3.9439
51200;3.9449
51300;3.9459
51400;3.9469
51500;3.9479
51600;3.9488
51700;3.9498
51800;3.9508
51900;3.9517
52000;3.9527
52100;3.9536
52200;3.9546
52300;3.9555
52400;3.9565
52500;3.9574
52600;3.9584
52700;3.9593
52800;3.9602
52900;3.9612
53000;3.9621
53100;3.963
53200;3.9639
53300;3.9648
53400;3.9657
53500;3.9666
53600;3.9675
53700;3.9684
53800;3.9693
53900;3.9702
54000;3.9711
54100;3.972
54200;3.9729
54300;3.9738
54400;3.9746
54500;3.9755
54600;3.9764
54700;3.9772
54800;3.9781
54900;3.979
55000;3.9798
55100;3.9807
55200;3.9815
55300;3.9824
55400;3.9832
55500;3.9841
55600;3.9849
55700;3.9857
55800;3.9866
55900;3.9874
56000;3.9882
56100;3.989
56200;3.9899
56300;3.9907
56400;3.9915
56500;3.9923
56600;3.9931
56700;3.9939
56800;3.9947
56900;3.9955
57000;3.9963
57100;3.9971
57200;3.9979
57300;3.9987
57400;3.9995
57500;4.0003
57600;4.001
57700;4.0018
57800;4.0026
57900;4.0034
58000;4.0041
58100;4.0049
58200;4.0066
58300;4.0083
58400;4.01
58500;4.0117
58600;4.0134
58700;4.0151
58800;4.0168
58900;4.0184
59000;4.0201
59100;4.0217
59200;4.0234
59300;4.025
59400;4.0267
59500;4.0283
59600;4.0299
59700;4.0316
59800;4.0332
59900;4.0348
60000;4.0364
60100;4.038
60200;4.0396
60300;4.0412
60400;4.0428
60500;4.0444
60600;4.046
60700;4.0475
60800;4.0491
60900;4.0507
61000;4.0522
61100;4.0538
61200;4.0553
61300;4.0569
61400;4.0584
61500;4.0599
61600;4.0614
61700;4.063
61800;4.0645
61900;4.066
62000;4.0675
62100;4.069
62200;4.0705
62300;4.072
62400;4.0735
62500;4.075
62600;4.0764
62700;4.0779
62800;4.0794
62900;4.0808
63000;4.0823
63100;4.0838
63200;4.0852
63300;4.0867
63400;4.0881
63500;4.0895
63600;4.091
63700;4.0924
63800;4.0938
63900;4.0952
64000;4.0966
64100;4.098
64200;4.0995
64300;4.1009
64400;4.1023
64500;4.1036
64600;4.105
64700;4.1064
64800;4.1078
64900;4.1092
65000;4.1105
65100;4.1119
65200;4.1133
65300;4.1146
65400;4.116
65500;4.1173
65600;4.1187
65700;4.12
65800;4.1214
65900;4.1227
66000;4.124
66100;4.1253
66200;4.1267
66300;4.128
66400;4.1293
66500;4.1306
66600;4.1319
66700;4.1332
66800;4.1345
66900;4.1358
67000;4.1371
67100;4.1384
67200;4.1397
67300;4.1409
67400;4.1422
67500;4.1435
67600;4.1447
67700;4.146
67800;4.1473
67900;4.1485
68000;4.1498
68100;4.151
68200;4.1523
68300;4.1535
68400;4.1548
68500;4.156
68600;4.1572
68700;4.1584
68800;4.1597
68900;4.1609
69000;4.1621
69100;4.1633
69200;4.1645
69300;4.1657
69400;4.1669
69500;4.1681
69600;4.1693
69700;4.1705
69800;4.1717
69900;4.1729
70000;4.1741
70100;4.1752
70200;4.1764
70300;4.1776
70400;4.1788
70500;4.1799
70600;4.1811
70700;4.1822
70800;4.1834
70900;4.1846
71000;4.1857
71100;4.1868
71200;4.188
71300;4.1891
71400;4.1903
71500;4.1914
71600;4.1925
71700;4.1937
71800;4.1948
71900;4.1959
72000;4.197
72100;4.1981
72200;4.1992
72300;4.2003
72400;4.2015
72500;4.2026
72600;4.2037
72700;4.2047
72800;4.2058
72900;4.2069
73000;4.208
73100;4.2091
73200;4.2102
73300;4.2113
73400;4.2123
73500;4.2134
73600;4.2145
73700;4.2155
73800;4.2166
73900;4.2177
74000;4.2187
74100;4.2198
74200;4.2208
74300;4.2219
74400;4.2229
74500;4.224
74600;4.225
74700;4.226
74800;4.2271
74900;4.2281
75000;4.2291
75100;4.2302
75200;4.2312
75300;4.2322
75400;4.2332
75500;4.2342
75600;4.2353
75700;4.2363
75800;4.2373
75900;4.2383
76000;4.2393
76100;4.2403
76200;4.2413
76300;4.2423
76400;4.2433
76500;4.2442
76600;4.2452
76700;4.2462
76800;4.2472
76900;4.2482
77000;4.2492
77100;4.2501
77200;4.2511
77300;4.2521
77400;4.253
77500;4.254
77600;4.255
77700;4.2559
77800;4.2569
77900;4.2578
78000;4.2588
78100;4.2597
78200;4.2607
78300;4.2616
78400;4.2626
78500;4.2635
78600;4.2644
78700;4.2654
78800;4.2663
78900;4.2672
79000;4.2682
79100;4.2691
79200;4.27
79300;4.2709
79400;4.2719
79500;4.2728
79600;4.2737
79700;4.2746
79800;4.2755
79900;4.2764
80000;4.2773
80100;4.2782
80200;4.2791
80300;4.28
80400;4.2809
80500;4.2818
80600;4.2827
80700;4.2836
80800;4.2845
80900;4.2854
81000;4.2862
81100;4.2871
81200;4.288
81300;4.2889
81400;4.2897
81500;4.2906
81600;4.2915
81700;4.2924
81800;4.2932
81900;4.2941
82000;4.2949
82100;4.2958
82200;4.2967
82300;4.2975
82400;4.2984
82500;4.2992
82600;4.3001
82700;4.3009
82800;4.3018
82900;4.3026
83000;4.3034
83100;4.3043
83200;4.3051
83300;4.3059
83400;4.3068
83500;4.3076
83600;4.3084
83700;4.3093
83800;4.3101
83900;4.3109
84000;4.3117
84100;4.3125
84200;4.3134
84300;4.3142
84400;4.315
84500;4.3165
84600;4.318
84700;4.3195
84800;4.321
84900;4.3226
85000;4.3241
85100;4.3256
85200;4.3271
85300;4.3285
85400;4.33
85500;4.3315
85600;4.333
85700;4.3345
85800;4.336
85900;4.3374
86000;4.3389
86100;4.3404
86200;4.3418
86300;4.3433
86400;4.3447
86500;4.3462
86600;4.3476
86700;4.3491
86800;4.3505
86900;4.352
87000;4.3534
87100;4.3548
87200;4.3563
87300;4.3577
87400;4.3591
87500;4.3605
87600;4.3619
87700;4.3633
87800;4.3647
87900;4.3662
88000;4.3676
88100;4.369
88200;4.3704
88300;4.3717
88400;4.3731
88500;4.3745
88600;4.3759
88700;4.3773
88800;4.3787
88900;4.38
89000;4.3814
89100;4.3828
89200;4.3841
89300;4.3855
89400;4.3869
89500;4.3882
89600;4.3896
89700;4.3909
89800;4.3923
89900;4.3936
90000;4.3949
90100;4.3963
90200;4.3976
90300;4.3989
90400;4.4003
90500;4.4016
90600;4.4029
90700;4.4042
90800;4.4056
90900;4.4069
91000;4.4082
91100;4.4095
91200;4.4108
91300;4.4121
91400;4.4134
91500;4.4147
91600;4.416
91700;4.4173
91800;4.4186
91900;4.4199
92000;4.4211
92100;4.4224
92200;4.4237
92300;4.425
92400;4.4262
92500;4.4275
92600;4.4288
92700;4.43
92800;4.4313
92900;4.4326
93000;4.4338
93100;4.4351
93200;4.4363
93300;4.4376
93400;4.4388
93500;4.4401
93600;4.4413
93700;4.4425
93800;4.4438
93900;4.445
94000;4.4462
94100;4.4474
94200;4.4487
94300;4.4499
94400;4.4511
94500;4.4523
94600;4.4535
94700;4.4548
94800;4.456
94900;4.4572
95000;4.4584
95100;4.4596
95200;4.4608
95300;4.462
95400;4.4632
95500;4.4643
95600;4.4655
95700;4.4667
95800;4.4679
95900;4.4691
96000;4.4703
96100;4.4714
96200;4.4726
96300;4.4738
96400;4.4749
96500;4.4761
96600;4.4773
96700;4.4784
96800;4.4796
96900;4.4808
97000;4.4819
97100;4.4831
97200;4.4842
97300;4.4854
97400;4.4865
97500;4.4876
97600;4.4888
97700;4.4899
97800;4.4911
97900;4.4922
98000;4.4933
98100;4.4944
98200;4.4956
98300;4.4967
98400;4.4978
98500;4.4989
98600;4.5001
98700;4.5012
98800;4.5023
98900;4.5034
99000;4.5045
99100;4.5056
99200;4.5067
99300;4.5078
99400;4.5089
99500;4.51
99600;4.5111
99700;4.5122
99800;4.5133
99900;4.5144
100000;4.5155
100100;4.5165
100200;4.5176
100300;4.5187
100400;4.5198
100500;4.5208
100600;4.5219
100700;4.523
100800;4.5241
100900;4.5251
101000;4.5262
101100;4.5273
101200;4.5283
101300;4.5294
101400;4.5304
101500;4.5315
101600;4.5325
101700;4.5336
101800;4.5346
101900;4.5357
102000;4.5367
102100;4.5378
102200;4.5388
102300;4.5398
102400;4.5409
102500;4.5419
102600;4.5429
102700;4.544
102800;4.545
102900;4.546
103000;4.547
103100;4.5481
103200;4.5491
103300;4.5501
103400;4.5511
103500;4.5521
103600;4.5531
103700;4.5541
103800;4.5552
103900;4.5562
104000;4.5572
104100;4.5582
104200;4.5592
104300;4.5602
104400;4.5612
104500;4.5622
104600;4.5631
104700;4.5641
104800;4.5651
104900;4.5661
105000;4.5671
105100;4.5681
105200;4.5691
105300;4.57
105400;4.571
105500;4.572
105600;4.573
105700;4.5739
105800;4.5749
105900;4.5759
106000;4.5768
106100;4.5778
106200;4.5788
106300;4.5797
106400;4.5807
106500;4.5816
106600;4.5826
106700;4.5836
106800;4.5845
106900;4.5855
107000;4.5864
107100;4.5873
107200;4.5883
107300;4.5892
107400;4.5902
107500;4.5911
107600;4.5921
107700;4.593
107800;4.5939
107900;4.5949
108000;4.5958
108100;4.5967
108200;4.5976
108300;4.5986
108400;4.5995
108500;4.6004
108600;4.6013
108700;4.6023
108800;4.6032
108900;4.6041
109000;4.605
109100;4.6059
109200;4.6068
109300;4.6077
109400;4.6086
109500;4.6095
109600;4.6104
109700;4.6113
109800;4.6122
109900;4.6131
110000;4.614
110100;4.6149
110200;4.6158
110300;4.6167
110400;4.6176
110500;4.6185
110600;4.6194
110700;4.6203
110800;4.6213
110900;4.6223
111000;4.6233
111100;4.6243
111200;4.6254
111300;4.6264
111400;4.6274
111500;4.6284
111600;4.6294
111700;4.6304
111800;4.6314
111900;4.6324
112000;4.6334
112100;4.6344
112200;4.6354
112300;4.6364
112400;4.6374
112500;4.6384
112600;4.6393
112700;4.6403
112800;4.6413
112900;4.6423
113000;4.6433
113100;4.6443
113200;4.6452
113300;4.6462
113400;4.6472
113500;4.6481
113600;4.6491
113700;4.6501
113800;4.6511
113900;4.652
114000;4.653
114100;4.6539
114200;4.6549
114300;4.6559
114400;4.6568
114500;4.6578
114600;4.6587
114700;4.6597
114800;4.6606
114900;4.6616
115000;4.6625
115100;4.6635
115200;4.6644
115300;4.6654
115400;4.6663
115500;4.6672
115600;4.6682
115700;4.6691
115800;4.67
115900;4.671
116000;4.6719
116100;4.6728
116200;4.6738
116300;4.6747
116400;4.6756
116500;4.6765
116600;4.6774
116700;4.6784
116800;4.6793
116900;4.6802
117000;4.6811
117100;4.682
117200;4.6829
117300;4.6838
117400;4.6848
117500;4.6857
117600;4.6866
117700;4.6875
117800;4.6884
117900;4.6893
118000;4.6902
118100;4.6911
118200;4.692
118300;4.6929
118400;4.6938
118500;4.6946
118600;4.6955
118700;4.6964
118800;4.6973
118900;4.6982
119000;4.6991
119100;4.7
119200;4.7008
119300;4.7017
119400;4.7026
119500;4.7035
119600;4.7043
119700;4.7052
119800;4.7061
119900;4.707
120000;4.7078
120100;4.7087
120200;4.7096
120300;4.7104
120400;4.7113
120500;4.7122
120600;4.713
120700;4.7139
120800;4.7147
120900;4.7156
121000;4.7164
121100;4.7173
121200;4.7182
121300;4.719
121400;4.7199
121500;4.7207
121600;4.7215
121700;4.7224
121800;4.7232
121900;4.7241
122000;4.7249
122100;4.7258
122200;4.7266
122300;4.7274
122400;4.7283
122500;4.7291
122600;4.7299
122700;4.7308
122800;4.7316
122900;4.7324
123000;4.7333
123100;4.7341
123200;4.7349
123300;4.7357
123400;4.7365
123500;4.7374
123600;4.7382
123700;4.739
123800;4.7398
123900;4.7406
124000;4.7415
124100;4.7423
124200;4.7431
124300;4.7439
124400;4.7447
124500;4.7455
124600;4.7463
124700;4.7471
124800;4.7479
124900;4.7487
125000;4.7495
125100;4.7503
125200;4.7511
125300;4.7519
125400;4.7527
125500;4.7535
125600;4.7543
125700;4.7551
125800;4.7559
125900;4.7567
126000;4.7575
126100;4.7582
126200;4.759
126300;4.7598
126400;4.7606
126500;4.7614
126600;4.7622
126700;4.7629
126800;4.7637
126900;4.7645
127000;4.7653
127100;4.7661
127200;4.7668
127300;4.7676
127400;4.7684
127500;4.7691
127600;4.7699
127700;4.7707
127800;4.7714
127900;4.7722
128000;4.773
128100;4.7737
128200;4.7745
128300;4.7753
128400;4.776
128500;4.7768
128600;4.7775
128700;4.7783
128800;4.779
128900;4.7798
129000;4.7805
129100;4.7813
129200;4.782
129300;4.7828
129400;4.7835
129500;4.7843
129600;4.785
129700;4.7858
129800;4.7865
129900;4.7873
130000;4.788
130100;4.7887
130200;4.7895
130300;4.7902
130400;4.791
130500;4.7917
130600;4.7924
130700;4.7932
130800;4.7939
130900;4.7946
131000;4.7953
131100;4.7961
131200;4.7968
131300;4.7975
131400;4.7982
131500;4.799
131600;4.7997
131700;4.8004
131800;4.8011
131900;4.8019
132000;4.8026
132100;4.8033
132200;4.804
132300;4.8047
132400;4.8054
132500;4.8062
132600;4.8069
132700;4.8076
132800;4.8083
132900;4.809
133000;4.8097
133100;4.8104
133200;4.8111
133300;4.8118
133400;4.8125
133500;4.8132
133600;4.8139
133700;4.8146
133800;4.8153
133900;4.816
134000;4.8167
134100;4.8174
134200;4.8181
134300;4.8188
134400;4.8195
134500;4.8202
134600;4.8209
134700;4.8216
134800;4.8223
134900;4.8229
135000;4.8236
135100;4.8243
135200;4.825
135300;4.8257
135400;4.8264
135500;4.827
135600;4.8277
135700;4.8284
135800;4.8291
135900;4.8298
136000;4.8304
136100;4.8311
136200;4.8318
136300;4.8325
136400;4.8331
136500;4.8338
136600;4.8345
136700;4.8351
136800;4.8358
136900;4.8365
137000;4.8372
137100;4.8379
137200;4.8387
137300;4.8395
137400;4.8402
137500;4.841
137600;4.8418
137700;4.8426
137800;4.8433
137900;4.8441
138000;4.8449
138100;4.8456
138200;4.8464
138300;4.8471
138400;4.8479
138500;4.8487
138600;4.8494
138700;4.8502
138800;4.8509
138900;4.8517
139000;4.8524
139100;4.8532
139200;4.854
139300;4.8547
139400;4.8555
139500;4.8562
139600;4.8569
139700;4.8577
139800;4.8584
139900;4.8592
140000;4.8599
140100;4.8607
140200;4.8614
140300;4.8622
140400;4.8629
140500;4.8636
140600;4.8644
140700;4.8651
140800;4.8658
140900;4.8666
141000;4.8673
141100;4.868
141200;4.8688
141300;4.8695
141400;4.8702
141500;4.871
141600;4.8717
141700;4.8724
141800;4.8731
141900;4.8739
142000;4.8746
142100;4.8753
142200;4.876
142300;4.8767
142400;4.8775
142500;4.8782
142600;4.8789
142700;4.8796
142800;4.8803
142900;4.881
143000;4.8817
143100;4.8825
143200;4.8832
143300;4.8839
143400;4.8846
143500;4.8853
143600;4.886
143700;4.8867
143800;4.8874
143900;4.8881
144000;4.8888
144100;4.8895
144200;4.8902
144300;4.8909
144400;4.8916
144500;4.8923
144600;4.893
144700;4.8937
144800;4.8944
144900;4.8951
145000;4.8958
145100;4.8965
145200;4.8972
145300;4.8979
145400;4.8986
145500;4.8992
145600;4.8999
145700;4.9006
145800;4.9013
145900;4.902
146000;4.9027
146100;4.9034
146200;4.904
146300;4.9047
146400;4.9054
146500;4.9061
146600;4.9068
146700;4.9074
146800;4.9081
146900;4.9088
147000;4.9095
147100;4.9101
147200;4.9108
147300;4.9115
147400;4.9121
147500;4.9128
147600;4.9135
147700;4.9142
147800;4.9148
147900;4.9155
148000;4.9161
148100;4.9168
148200;4.9175
148300;4.9181
148400;4.9188
148500;4.9195
148600;4.9201
148700;4.9208
148800;4.9214
148900;4.9221
149000;4.9228
149100;4.9234
149200;4.9241
149300;4.9247
149400;4.9254
149500;4.926
149600;4.9267
149700;4.9273
149800;4.928
149900;4.9286
150000;4.9293
150100;4.9299
150200;4.9306
150300;4.9312
150400;4.9318
150500;4.9325
150600;4.9331
150700;4.9338
150800;4.9344
150900;4.9351
151000;4.9357
151100;4.9363
151200;4.937
151300;4.9376
151400;4.9382
151500;4.9389
151600;4.9395
151700;4.9401
151800;4.9408
151900;4.9414
152000;4.942
152100;4.9427
152200;4.9433
152300;4.9439
152400;4.9446
152500;4.9452
152600;4.9458
152700;4.9464
152800;4.9471
152900;4.9477
153000;4.9483
153100;4.9489
153200;4.9495
153300;4.9502
153400;4.9508
153500;4.9514
153600;4.952
153700;4.9526
153800;4.9533
153900;4.9539
154000;4.9545
154100;4.9551
154200;4.9557
154300;4.9563
154400;4.9569
154500;4.9575
154600;4.9582
154700;4.9588
154800;4.9594
154900;4.96
155000;4.9606
155100;4.9612
155200;4.9618
155300;4.9624
155400;4.963
155500;4.9636
155600;4.9642
155700;4.9648
155800;4.9654
155900;4.966
156000;4.9666
156100;4.9672
156200;4.9678
156300;4.9684
156400;4.969
156500;4.9696
156600;4.9702
156700;4.9708
156800;4.9714
156900;4.972
157000;4.9725
157100;4.9731
157200;4.9737
157300;4.9743
157400;4.9749
157500;4.9755
157600;4.9761
157700;4.9767
157800;4.9772
157900;4.9778
158000;4.9784
158100;4.979
158200;4.9796
158300;4.9802
158400;4.9807
158500;4.9813
158600;4.9819
158700;4.9825
158800;4.9831
158900;4.9836
159000;4.9842
159100;4.9848
159200;4.9854
159300;4.9859
159400;4.9865
159500;4.9871
159600;4.9877
159700;4.9882
159800;4.9888
159900;4.9894
160000;4.9899
160100;4.9905
160200;4.9911
160300;4.9916
160400;4.9922
160500;4.9928
160600;4.9933
160700;4.9939
160800;4.9945
160900;4.995
161000;4.9956
161100;4.9962
161200;4.9967
161300;4.9973
161400;4.9978
161500;4.9984
161600;4.9989
161700;4.9995
161800;5.0001
161900;5.0006
162000;5.0012
162100;5.0017
162200;5.0023
162300;5.0028
162400;5.0034
162500;5.0039
162600;5.0045
162700;5.005
162800;5.0056
162900;5.0061
163000;5.0067
163100;5.0072
163200;5.0078
163300;5.0083
163400;5.009
163500;5.0096
163600;5.0102
163700;5.0109
163800;5.0115
163900;5.0121
164000;5.0128
164100;5.0134
164200;5.014
164300;5.0147
164400;5.0153
164500;5.0159
164600;5.0166
164700;5.0172
164800;5.0178
164900;5.0184
165000;5.0191
165100;5.0197
165200;5.0203
165300;5.0209
165400;5.0216
165500;5.0222
165600;5.0228
165700;5.0234
165800;5.024
165900;5.0247
166000;5.0253
166100;5.0259
166200;5.0265
166300;5.0271
166400;5.0277
166500;5.0283
166600;5.029
166700;5.0296
166800;5.0302
166900;5.0308
167000;5.0314
167100;5.032
167200;5.0326
167300;5.0332
167400;5.0338
167500;5.0344
167600;5.0351
167700;5.0357
167800;5.0363
167900;5.0369
168000;5.0375
168100;5.0381
168200;5.0387
168300;5.0393
168400;5.0399
168500;5.0405
168600;5.0411
168700;5.0417
168800;5.0423
168900;5.0429
169000;5.0435
169100;5.0441
169200;5.0447
169300;5.0452
169400;5.0458
169500;5.0464
169600;5.047
169700;5.0476
169800;5.0482
169900;5.0488
170000;5.0494
170100;5.05
170200;5.0506
170300;5.0511
170400;5.0517
170500;5.0523
170600;5.0529
170700;5.0535
170800;5.0541
170900;5.0547
171000;5.0552
171100;5.0558
171200;5.0564
171300;5.057
171400;5.0576
171500;5.0581
171600;5.0587
171700;5.0593
171800;5.0599
171900;5.0604
172000;5.061
172100;5.0616
172200;5.0622
172300;5.0627
172400;5.0633
172500;5.0639
172600;5.0645
172700;5.065
172800;5.0656
172900;5.0662
173000;5.0667
173100;5.0673
173200;5.0679
173300;5.0684
173400;5.069
173500;5.0696
173600;5.0701
173700;5.0707
173800;5.0713
173900;5.0718
174000;5.0724
174100;5.0729
174200;5.0735
174300;5.0741
174400;5.0746
174500;5.0752
174600;5.0757
174700;5.0763
174800;5.0769
174900;5.0774
175000;5.078
175100;5.0785
175200;5.0791
175300;5.0796
175400;5.0802
175500;5.0807
175600;5.0813
175700;5.0818
175800;5.0824
175900;5.0829
176000;5.0835
176100;5.084
176200;5.0846
176300;5.0851
176400;5.0857
176500;5.0862
176600;5.0868
176700;5.0873
176800;5.0879
176900;5.0884
177000;5.089
177100;5.0895
177200;5.09
177300;5.0906
177400;5.0911
177500;5.0917
177600;5.0922
177700;5.0927
177800;5.0933
177900;5.0938
178000;5.0944
178100;5.0949
178200;5.0954
178300;5.096
178400;5.0965
178500;5.097
178600;5.0976
178700;5.0981
178800;5.0986
178900;5.0992
179000;5.0997
179100;5.1002
179200;5.1008
179300;5.1013
179400;5.1018
179500;5.1023
179600;5.1029
179700;5.1034
179800;5.1039
179900;5.1044
180000;5.105
180100;5.1055
180200;5.106
180300;5.1065
180400;5.1071
180500;5.1076
180600;5.1081
180700;5.1086
180800;5.1092
180900;5.1097
181000;5.1102
181100;5.1107
181200;5.1112
181300;5.1117
181400;5.1123
181500;5.1128
181600;5.1133
181700;5.1138
181800;5.1143
181900;5.1148
182000;5.1154
182100;5.1159
182200;5.1164
182300;5.1169
182400;5.1174
182500;5.1179
182600;5.1184
182700;5.1189
182800;5.1194
182900;5.12
183000;5.1205
183100;5.121
183200;5.1215
183300;5.122
183400;5.1225
183500;5.123
183600;5.1235
183700;5.124
183800;5.1245
183900;5.125
184000;5.1255
184100;5.126
184200;5.1265
184300;5.127
184400;5.1275
184500;5.128
184600;5.1285
184700;5.129
184800;5.1295
184900;5.13
185000;5.1305
185100;5.131
185200;5.1315
185300;5.132
185400;5.1325
185500;5.133
185600;5.1335
185700;5.134
185800;5.1345
185900;5.135
186000;5.1355
186100;5.1359
186200;5.1364
186300;5.1369
186400;5.1374
186500;5.1379
186600;5.1384
186700;5.1389
186800;5.1394
186900;5.1399
187000;5.1403
187100;5.1408
187200;5.1413
187300;5.1418
187400;5.1423
187500;5.1428
187600;5.1433
187700;5.1437
187800;5.1442
187900;5.1447
188000;5.1452
188100;5.1457
188200;5.1461
188300;5.1466
188400;5.1471
188500;5.1476
188600;5.1481
188700;5.1485
188800;5.149
188900;5.1495
189000;5.15
189100;5.1504
189200;5.1509
189300;5.1514
189400;5.1519
189500;5.1523
189600;5.1528
189700;5.1533
189800;5.1539
189900;5.1544
190000;5.1549
190100;5.1554
190200;5.156
190300;5.1565
190400;5.157
190500;5.1575
190600;5.1581
190700;5.1586
190800;5.1591
190900;5.1596
191000;5.1601
191100;5.1606
191200;5.1612
191300;5.1617
191400;5.1622
191500;5.1627
191600;5.1632
191700;5.1637
191800;5.1643
191900;5.1648
192000;5.1653
192100;5.1658
192200;5.1663
192300;5.1668
192400;5.1673
192500;5.1678
192600;5.1684
192700;5.1689
192800;5.1694
192900;5.1699
193000;5.1704
193100;5.1709
193200;5.1714
193300;5.1719
193400;5.1724
193500;5.1729
193600;5.1734
193700;5.1739
193800;5.1744
193900;5.1749
194000;5.1754
194100;5.1759
194200;5.1764
194300;5.1769
194400;5.1774
194500;5.1779
194600;5.1784
194700;5.1789
194800;5.1794
194900;5.1799
195000;5.1804
195100;5.1809
195200;5.1814
195300;5.1819
195400;5.1824
195500;5.1829
195600;5.1834
195700;5.1839
195800;5.1844
195900;5.1849
196000;5.1854
196100;5.1859
196200;5.1864
196300;5.1869
196400;5.1873
196500;5.1878
196600;5.1883
196700;5.1888
196800;5.1893
196900;5.1898
197000;5.1903
197100;5.1908
197200;5.1913
197300;5.1917
197400;5.1922
197500;5.1927
197600;5.1932
197700;5.1937
197800;5.1942
197900;5.1946
198000;5.1951
198100;5.1956
198200;5.1961
198300;5.1966
198400;5.1971
198500;5.1975
198600;5.198
198700;5.1985
198800;5.199
198900;5.1994
199000;5.1999
199100;5.2004
199200;5.2009
199300;5.2014
199400;5.2018
199500;5.2023
199600;5.2028
199700;5.2033
199800;5.2037
199900;5.2042
200000;5.2047
200100;5.2051
200200;5.2056
200300;5.2061
200400;5.2066
200500;5.207
200600;5.2075
200700;5.208
200800;5.2084
200900;5.2089
201000;5.2094
201100;5.2098
201200;5.2103
201300;5.2108
201400;5.2112
201500;5.2117
201600;5.2122
201700;5.2126
201800;5.2131
201900;5.2136
202000;5.214
202100;5.2145
202200;5.215
202300;5.2154
202400;5.2159
202500;5.2163
202600;5.2168
202700;5.2173
202800;5.2177
202900;5.2182
203000;5.2186
203100;5.2191
203200;5.2196
203300;5.22
203400;5.2205
203500;5.2209
203600;5.2214
203700;5.2218
203800;5.2223
203900;5.2228
204000;5.2232
204100;5.2237
204200;5.2241
204300;5.2246
204400;5.225
204500;5.2255
204600;5.2259
204700;5.2264
204800;5.2268
204900;5.2273
205000;5.2277
205100;5.2282
205200;5.2286
205300;5.2291
205400;5.2295
205500;5.23
205600;5.2304
205700;5.2309
205800;5.2313
205900;5.2318
206000;5.2322
206100;5.2327
206200;5.2331
206300;5.2335
206400;5.234
206500;5.2344
206600;5.2349
206700;5.2353
206800;5.2358
206900;5.2362
207000;5.2366
207100;5.2371
207200;5.2375
207300;5.238
207400;5.2384
207500;5.2388
207600;5.2393
207700;5.2397
207800;5.2402
207900;5.2406
208000;5.241
208100;5.2415
208200;5.2419
208300;5.2423
208400;5.2428
208500;5.2432
208600;5.2436
208700;5.2441
208800;5.2445
208900;5.2449
209000;5.2454
209100;5.2458
209200;5.2462
209300;5.2467
209400;5.2471
209500;5.2475
209600;5.248
209700;5.2484
209800;5.2488
209900;5.2493
210000;5.2497
210100;5.2501
210200;5.2505
210300;5.251
210400;5.2514
210500;5.2518
210600;5.2523
210700;5.2527
210800;5.2531
210900;5.2535
211000;5.254
211100;5.2544
211200;5.2548
211300;5.2552
211400;5.2557
211500;5.2561
211600;5.2565
211700;5.2569
211800;5.2573
211900;5.2578
212000;5.2582
212100;5.2586
212200;5.259
212300;5.2594
212400;5.2599
212500;5.2603
212600;5.2607
212700;5.2611
212800;5.2615
212900;5.262
213000;5.2624
213100;5.2628
213200;5.2632
213300;5.2636
213400;5.264
213500;5.2644
213600;5.2649
213700;5.2653
213800;5.2657
213900;5.2661
214000;5.2665
214100;5.2669
214200;5.2673
214300;5.2678
214400;5.2682
214500;5.2686
214600;5.269
214700;5.2694
214800;5.2698
214900;5.2702
215000;5.2706
215100;5.271
215200;5.2714
215300;5.2719
215400;5.2723
215500;5.2727
215600;5.2731
215700;5.2735
215800;5.2739
215900;5.2743
216000;5.2747
216100;5.2751
216200;5.2755
216300;5.2759
216400;5.2763
216500;5.2767
216600;5.2771
216700;5.2775
216800;5.2779
216900;5.2783
217000;5.2787
217100;5.2791
217200;5.2795
217300;5.2799
217400;5.2803
217500;5.2807
217600;5.2811
217700;5.2815
217800;5.2819
217900;5.2823
218000;5.2827
218100;5.2831
218200;5.2835
218300;5.2839
218400;5.2843
218500;5.2847
218600;5.2851
218700;5.2855
218800;5.2859
218900;5.2863
219000;5.2867
219100;5.2871
219200;5.2875
219300;5.2879
219400;5.2883
219500;5.2887
219600;5.289
219700;5.2894
219800;5.2898
219900;5.2902
220000;5.2906
220100;5.291
220200;5.2914
220300;5.2918
220400;5.2922
220500;5.2926
220600;5.293
220700;5.2933
220800;5.2937
220900;5.2941
221000;5.2945
221100;5.2949
221200;5.2953
221300;5.2957
221400;5.296
221500;5.2964
221600;5.2968
221700;5.2972
221800;5.2976
221900;5.298
222000;5.2984
222100;5.2987
222200;5.2991
222300;5.2995
222400;5.2999
222500;5.3003
222600;5.3007
222700;5.301
222800;5.3014
222900;5.3018
223000;5.3022
223100;5.3026
223200;5.3029
223300;5.3033
223400;5.3037
223500;5.3041
223600;5.3044
223700;5.3048
223800;5.3052
223900;5.3056
224000;5.306
224100;5.3063
224200;5.3067
224300;5.3071
224400;5.3075
224500;5.3078
224600;5.3082
224700;5.3086
224800;5.309
224900;5.3093
225000;5.3097
225100;5.3101
225200;5.3105
225300;5.3108
225400;5.3112
225500;5.3116
225600;5.3119
225700;5.3123
225800;5.3127
225900;5.3131
226000;5.3134
226100;5.3138
226200;5.3142
226300;5.3145
226400;5.3149
226500;5.3153
226600;5.3158
226700;5.3162
226800;5.3166
226900;5.3171
227000;5.3175
227100;5.3179
227200;5.3184
227300;5.3188
227400;5.3192
227500;5.3197
227600;5.3201
227700;5.3205
227800;5.321
227900;5.3214
228000;5.3218
228100;5.3222
228200;5.3227
228300;5.3231
228400;5.3235
228500;5.324
228600;5.3244
228700;5.3248
228800;5.3252
228900;5.3257
229000;5.3261
229100;5.3265
229200;5.3269
229300;5.3274
229400;5.3278
229500;5.3282
229600;5.3286
229700;5.3291
229800;5.3295
229900;5.3299
230000;5.3303
230100;5.3307
230200;5.3312
230300;5.3316
230400;5.332
230500;5.3324
230600;5.3328
230700;5.3333
230800;5.3337
230900;5.3341
231000;5.3345
231100;5.3349
231200;5.3354
231300;5.3358
231400;5.3362
231500;5.3366
231600;5.337
231700;5.3374
231800;5.3379
231900;5.3383
232000;5.3387
232100;5.3391
232200;5.3395
232300;5.3399
232400;5.3403
232500;5.3408
232600;5.3412
232700;5.3416
232800;5.342
232900;5.3424
233000;5.3428
233100;5.3432
233200;5.3436
233300;5.344
233400;5.3445
233500;5.3449
233600;5.3453
233700;5.3457
233800;5.3461
233900;5.3465
234000;5.3469
234100;5.3473
234200;5.3477
234300;5.3481
234400;5.3485
234500;5.3489
234600;5.3493
234700;5.3497
234800;5.3501
234900;5.3506
235000;5.351
235100;5.3514
235200;5.3518
235300;5.3522
235400;5.3526
235500;5.353
235600;5.3534
235700;5.3538
235800;5.3542
235900;5.3546
236000;5.355
236100;5.3554
236200;5.3558
236300;5.3562
236400;5.3566
236500;5.357
236600;5.3574
236700;5.3578
236800;5.3582
236900;5.3586
237000;5.359
237100;5.3594
237200;5.3598
237300;5.3602
237400;5.3606
237500;5.3609
237600;5.3613
237700;5.3617
237800;5.3621
237900;5.3625
238000;5.3629
238100;5.3633
238200;5.3637
238300;5.3641
238400;5.3645
238500;5.3649
238600;5.3653
238700;5.3657
238800;5.3661
238900;5.3665
239000;5.3668
239100;5.3672
239200;5.3676
239300;5.368
239400;5.3684
239500;5.3688
239600;5.3692
239700;5.3696
239800;5.37
239900;5.3703
240000;5.3707
240100;5.3711
240200;5.3715
240300;5.3719
240400;5.3723
240500;5.3727
240600;5.373
240700;5.3734
240800;5.3738
240900;5.3742
241000;5.3746
241100;5.375
241200;5.3754
241300;5.3757
241400;5.3761
241500;5.3765
241600;5.3769
241700;5.3773
241800;5.3776
241900;5.378
242000;5.3784
242100;5.3788
242200;5.3792
242300;5.3796
242400;5.3799
242500;5.3803
242600;5.3807
242700;5.3811
242800;5.3814
242900;5.3818
243000;5.3822
243100;5.3826
243200;5.383
243300;5.3833
243400;5.3837
243500;5.3841
243600;5.3845
243700;5.3848
243800;5.3852
243900;5.3856
244000;5.386
244100;5.3863
244200;5.3867
244300;5.3871
244400;5.3875
244500;5.3878
244600;5.3882
244700;5.3886
244800;5.389
244900;5.3893
245000;5.3897
245100;5.3901
245200;5.3904
245300;5.3908
245400;5.3912
245500;5.3915
245600;5.3919
245700;5.3923
245800;5.3927
245900;5.393
246000;5.3934
246100;5.3938
246200;5.3941
246300;5.3945
246400;5.3949
246500;5.3952
246600;5.3956
246700;5.396
246800;5.3963
246900;5.3967
247000;5.3971
247100;5.3974
247200;5.3978
247300;5.3982
247400;5.3985
247500;5.3989
247600;5.3993
247700;5.3996
247800;5.4
247900;5.4003
248000;5.4007
248100;5.4011
248200;5.4014
248300;5.4018
248400;5.4022
248500;5.4025
248600;5.4029
248700;5.4032
248800;5.4036
248900;5.404
249000;5.4043
249100;5.4047
249200;5.405
249300;5.4054
249400;5.4058
249500;5.4061
249600;5.4065
249700;5.4068
249800;5.4072
249900;5.4075
250000;5.4079
251000;5.4115
252000;5.415
253000;5.4185
254000;5.4219
255000;5.4254
256000;5.4288
257000;5.4322
258000;5.4356
259000;5.4389
260000;5.4422
261000;5.4455
262000;5.4488
263000;5.452
264000;5.4552
265000;5.4584
266000;5.4616
267000;5.4647
268000;5.4678
269000;5.4709
270000;5.474
271000;5.477
272000;5.4801
273000;5.4831
274000;5.486
275000;5.489
276000;5.4919
277000;5.4949
278000;5.4978
279000;5.5006
280000;5.5035
281000;5.5063
282000;5.5091
283000;5.5119
284000;5.5147
285000;5.5175
286000;5.5202
287000;5.5229
288000;5.5256
289000;5.5283
290000;5.5309
291000;5.5336
292000;5.5362
293000;5.5388
294000;5.5414
295000;5.544
296000;5.5465
297000;5.5491
298000;5.5516
299000;5.5541
300000;5.5566
301000;5.5591
302000;5.5615
303000;5.5639
304000;5.5664
305000;5.5688
306000;5.5712
307000;5.5735
308000;5.5759
309000;5.5782
310000;5.5806
311000;5.5829
312000;5.5854
313000;5.588
314000;5.5906
315000;5.5931
316000;5.5957
317000;5.5982
318000;5.6007
319000;5.6032
320000;5.6057
321000;5.6082
322000;5.6107
323000;5.6131
324000;5.6155
325000;5.618
326000;5.6204
327000;5.6227
328000;5.6251
329000;5.6275
330000;5.6298
331000;5.6321
332000;5.6344
333000;5.6367
334000;5.639
335000;5.6413
336000;5.6436
337000;5.6458
338000;5.648
339000;5.6503
340000;5.6525
341000;5.6546
342000;5.6568
343000;5.659
344000;5.6611
345000;5.6633
346000;5.6654
347000;5.6675
348000;5.6696
349000;5.6717
350000;5.6738
351000;5.6759
352000;5.6779
353000;5.68
354000;5.682
355000;5.684
356000;5.6861
357000;5.6881
358000;5.69
359000;5.692
360000;5.694
361000;5.6959
362000;5.6979
363000;5.6998
364000;5.7017
365000;5.7037
366000;5.7056
367000;5.7075
368000;5.7093
369000;5.7112
370000;5.7131
371000;5.7149
372000;5.7168
373000;5.7186
374000;5.7204
375000;5.7222
376000;5.724
377000;5.7258
378000;5.7276
379000;5.7294
380000;5.7311
381000;5.7329
382000;5.7346
383000;5.7364
384000;5.7381
385000;5.7398
386000;5.7415
387000;5.7432
388000;5.7449
389000;5.7466
390000;5.7483
391000;5.75
392000;5.7516
393000;5.7533
394000;5.7549
395000;5.7565
396000;5.7582
397000;5.7598
398000;5.7614
399000;5.763
400000;5.7646
401000;5.7662
402000;5.7677
403000;5.7693
404000;5.7709
405000;5.7724
406000;5.774
407000;5.7755
408000;5.777
409000;5.7786
410000;5.7801
411000;5.7816
412000;5.7831
413000;5.7846
414000;5.7861
415000;5.7876
416000;5.789
417000;5.7905
418000;5.7919
419000;5.7934
420000;5.7948
421000;5.7963
422000;5.7977
423000;5.7991
424000;5.8006
425000;5.802
426000;5.8034
427000;5.8048
428000;5.8062
429000;5.8075
430000;5.8089
431000;5.8103
432000;5.8117
433000;5.813
434000;5.8144
435000;5.8157
436000;5.8171
437000;5.8184
438000;5.8197
439000;5.821
440000;5.8224
441000;5.8237
442000;5.825
443000;5.8263
444000;5.8276
445000;5.8288
446000;5.8301
447000;5.8314
448000;5.8327
449000;5.8339
450000;5.8352
451000;5.8364
452000;5.8377
453000;5.8389
454000;5.8402
455000;5.8414
456000;5.8426
457000;5.8438
458000;5.8451
459000;5.8463
460000;5.8475
461000;5.8489
462000;5.8503
463000;5.8517
464000;5.8531
465000;5.8545
466000;5.8558
467000;5.8572
468000;5.8586
469000;5.86
470000;5.8613
471000;5.8627
472000;5.864
473000;5.8654
474000;5.8667
475000;5.8681
476000;5.8694
477000;5.8707
478000;5.872
479000;5.8733
480000;5.8746
481000;5.8759
482000;5.8772
483000;5.8785
484000;5.8798
485000;5.8811
486000;5.8824
487000;5.8836
488000;5.8849
489000;5.8861
490000;5.8874
491000;5.8886
492000;5.8899
493000;5.8911
494000;5.8924
495000;5.8936
496000;5.8948
497000;5.896
498000;5.8972
499000;5.8984
500000;5.8997
501000;5.9008
502000;5.902
503000;5.9032
504000;5.9044
505000;5.9056
506000;5.9068
507000;5.9079
508000;5.9091
509000;5.9103
510000;5.9114
511000;5.9126
512000;5.9137
513000;5.9149
514000;5.916
515000;5.9171
516000;5.9183
517000;5.9194
518000;5.9205
519000;5.9216
520000;5.9227
521000;5.9238
522000;5.925
523000;5.9261
524000;5.9271
525000;5.9282
526000;5.9293
527000;5.9304
528000;5.9315
529000;5.9326
530000;5.9336
531000;5.9347
532000;5.9358
533000;5.9368
534000;5.9379
535000;5.9389
536000;5.94
537000;5.941
538000;5.9421
539000;5.9431
540000;5.9441
541000;5.9451
542000;5.9462
543000;5.9472
544000;5.9482
545000;5.9492
546000;5.9502
547000;5.9512
548000;5.9522
549000;5.9532
550000;5.9542
551000;5.9552
552000;5.9562
553000;5.9572
554000;5.9582
555000;5.9591
556000;5.9601
557000;5.9611
558000;5.9621
559000;5.963
560000;5.964
561000;5.9649
562000;5.9659
563000;5.9668
564000;5.9678
565000;5.9687
566000;5.9697
567000;5.9706
568000;5.9715
569000;5.9725
570000;5.9734
571000;5.9743
572000;5.9752
573000;5.9761
574000;5.977
575000;5.978
576000;5.9789
577000;5.9798
578000;5.9807
579000;5.9816
580000;5.9825
581000;5.9833
582000;5.9842
583000;5.9851
584000;5.986
585000;5.9869
586000;5.9878
587000;5.9886
588000;5.9895
589000;5.9904
590000;5.9912
591000;5.9921
592000;5.9929
593000;5.9938
594000;5.9947
595000;5.9955
596000;5.9964
597000;5.9972
598000;5.998
599000;5.9989
600000;5.9997
601000;6.0005
602000;6.0014
603000;6.0022
604000;6.003
605000;6.0038
606000;6.0047
607000;6.0055
608000;6.0063
609000;6.0071
610000;6.0079
611000;6.0087
612000;6.0095
613000;6.0103
614000;6.0111
615000;6.0119
616000;6.0127
617000;6.0135
618000;6.0143
619000;6.0151
620000;6.0158
621000;6.0166
622000;6.0174
623000;6.0182
624000;6.019
625000;6.0197
626000;6.0205
627000;6.0213
628000;6.022
629000;6.0228
630000;6.0235
631000;6.0243
632000;6.025
633000;6.0258
634000;6.0265
635000;6.0273
636000;6.028
637000;6.0288
638000;6.0295
639000;6.0302
640000;6.031
641000;6.0317
642000;6.0324
643000;6.0332
644000;6.0339
645000;6.0346
646000;6.0353
647000;6.0361
648000;6.0368
649000;6.0375
650000;6.0382
651000;6.0389
652000;6.0396
653000;6.0403
654000;6.041
655000;6.0417
656000;6.0424
657000;6.0431
658000;6.0438
659000;6.0445
660000;6.0452
661000;6.0459
662000;6.0466
663000;6.0472
664000;6.0479
665000;6.0486
666000;6.0493
667000;6.05
668000;6.0506
669000;6.0513
670000;6.052
671000;6.0526
672000;6.0533
673000;6.054
674000;6.0546
675000;6.0553
676000;6.056
677000;6.0566
678000;6.0573
679000;6.0579
680000;6.0586
681000;6.0592
682000;6.0599
683000;6.0605
684000;6.0611
685000;6.0618
686000;6.0624
687000;6.0631
688000;6.0637
689000;6.0643
690000;6.065
691000;6.0656
692000;6.0662
693000;6.0668
694000;6.0675
695000;6.0681
696000;6.0687
697000;6.0693
698000;6.0699
699000;6.0706
700000;6.0712
701000;6.0718
702000;6.0724
703000;6.073
704000;6.0736
705000;6.0742
706000;6.0748
707000;6.0754
708000;6.076
709000;6.0766
710000;6.0772
711000;6.0778
712000;6.0784
713000;6.079
714000;6.0796
715000;6.0802
716000;6.0808
717000;6.0813
718000;6.0819
719000;6.0825
720000;6.0831
721000;6.0837
722000;6.0842
723000;6.0848
724000;6.0854
725000;6.086
726000;6.0865
727000;6.0871
728000;6.0877
729000;6.0882
730000;6.0888
731000;6.0894
732000;6.0899
733000;6.0905
734000;6.091
735000;6.0916
736000;6.0922
737000;6.0927
738000;6.0933
739000;6.0938
740000;6.0944
741000;6.0949
742000;6.0955
743000;6.096
744000;6.0965
745000;6.0971
746000;6.0976
747000;6.0982
748000;6.0987
749000;6.0992
750000;6.0998
751000;6.1003
752000;6.1008
753000;6.1014
754000;6.1019
755000;6.1024
756000;6.1029
757000;6.1035
758000;6.104
759000;6.1045
760000;6.105
761000;6.1056
762000;6.1061
763000;6.1066
764000;6.1071
765000;6.1076
766000;6.1081
767000;6.1086
768000;6.1091
769000;6.1097
770000;6.1102
771000;6.1107
772000;6.1112
773000;6.1117
774000;6.1122
775000;6.1127
776000;6.1132
777000;6.1137
778000;6.1142
779000;6.1147
780000;6.1152
781000;6.1157
782000;6.1161
783000;6.1166
784000;6.1171
785000;6.1176
786000;6.1181
787000;6.1186
788000;6.1191
789000;6.1196
790000;6.12
791000;6.1205
792000;6.121
793000;6.1215
794000;6.1219
795000;6.1224
796000;6.1229
797000;6.1234
798000;6.1238
799000;6.1243
800000;6.1248
801000;6.1252
802000;6.1257
803000;6.1262
804000;6.1266
805000;6.1271
806000;6.1276
807000;6.128
808000;6.1285
809000;6.129
810000;6.1294
811000;6.1299
812000;6.1303
813000;6.1308
814000;6.1312
815000;6.1317
816000;6.1321
817000;6.1326
818000;6.133
819000;6.1335
820000;6.1339
821000;6.1344
822000;6.1348
823000;6.1353
824000;6.1357
825000;6.1362
826000;6.1366
827000;6.137
828000;6.1375
829000;6.1379
830000;6.1383
831000;6.1388
832000;6.1392
833000;6.1396
834000;6.1401
835000;6.1405
836000;6.1409
837000;6.1414
838000;6.1418
839000;6.1422
840000;6.1426
841000;6.1431
842000;6.1435
843000;6.1439
844000;6.1443
845000;6.1448
846000;6.1452
847000;6.1456
848000;6.146
849000;6.1464
850000;6.1469
851000;6.1473
852000;6.1477
853000;6.1481
854000;6.1485
855000;6.1489
856000;6.1493
857000;6.1497
858000;6.1501
859000;6.1506
860000;6.151
861000;6.1514
862000;6.1518
863000;6.1522
864000;6.1526
865000;6.153
866000;6.1534
867000;6.1538
868000;6.1542
869000;6.1546
870000;6.155
871000;6.1554
872000;6.1558
873000;6.1562
874000;6.1566
875000;6.1569
876000;6.1573
877000;6.1577
878000;6.1581
879000;6.1585
880000;6.1589
881000;6.1593
882000;6.1597
883000;6.1601
884000;6.1604
885000;6.1608
886000;6.1612
887000;6.1616
888000;6.162
889000;6.1623
890000;6.1627
891000;6.1631
892000;6.1635
893000;6.1639
894000;6.1642
895000;6.1646
896000;6.165
897000;6.1654
898000;6.1657
899000;6.1661
900000;6.1665
901000;6.1668
902000;6.1672
903000;6.1676
904000;6.1679
905000;6.1683
906000;6.1687
907000;6.169
908000;6.1694
909000;6.1698
910000;6.1701
911000;6.1705
912000;6.1709
913000;6.1712
914000;6.1716
915000;6.1719
916000;6.1723
917000;6.1727
918000;6.173
919000;6.1734
920000;6.1737
921000;6.1741
922000;6.1744
923000;6.1748
924000;6.1751
925000;6.1755
926000;6.1758
927000;6.1762
928000;6.1765
929000;6.1769
930000;6.1772
931000;6.1776
932000;6.1779
933000;6.1783
934000;6.1786
935000;6.179
936000;6.1793
937000;6.1796
938000;6.18
939000;6.1803
940000;6.1807
941000;6.181
942000;6.1813
943000;6.1817
944000;6.182
945000;6.1824
946000;6.1827
947000;6.183
948000;6.1834
949000;6.1837
950000;6.184
951000;6.1844
952000;6.1847
953000;6.185
954000;6.1854
955000;6.1857
956000;6.186
957000;6.1863
958000;6.1867
959000;6.187
960000;6.1873
961000;6.1876
962000;6.188
963000;6.1883
964000;6.1886
965000;6.1889
966000;6.1893
967000;6.1896
968000;6.1899
969000;6.1902
970000;6.1905
971000;6.1909
972000;6.1912
973000;6.1915
974000;6.1918
975000;6.1921
976000;6.1924
977000;6.1928
978000;6.1931
979000;6.1934
980000;6.1937
981000;6.194
982000;6.1943
983000;6.1946
984000;6.1949
985000;6.1953
986000;6.1956
987000;6.1959
988000;6.1962
989000;6.1965
990000;6.1968
991000;6.1971
992000;6.1974
993000;6.1977
994000;6.198
995000;6.1983
996000;6.1986
997000;6.1989
998000;6.1992
999000;6.1995
1000000;6.1998
1010000;6.2028
1020000;6.2057
1030000;6.2086
1040000;6.2114
1050000;6.2141
1060000;6.2168
1070000;6.2195
1080000;6.2221
1090000;6.2246
1100000;6.2271
1110000;6.2296
1120000;6.232
1130000;6.2344
1140000;6.2367
1150000;6.239
1160000;6.2412
1170000;6.2434
1180000;6.2456
1190000;6.2478
1200000;6.2499
1210000;6.2519
1220000;6.254
1230000;6.256
1240000;6.2579
1250000;6.2599
1260000;6.2618
1270000;6.2636
1280000;6.2655
1290000;6.2673
1300000;6.2691
1310000;6.2709
1320000;6.2726
1330000;6.2743
1340000;6.276
1350000;6.2776
1360000;6.2793
1370000;6.2809
1380000;6.2825
1390000;6.284
1400000;6.2856
1410000;6.2871
1420000;6.2886
1430000;6.2901
1440000;6.2915
1450000;6.293
1460000;6.2944
1470000;6.2958
1480000;6.2972
1490000;6.2985
1500000;6.2999
1510000;6.3012
1520000;6.3025
1530000;6.3038
1540000;6.3051
1550000;6.3063
1560000;6.3076
1570000;6.3088
1580000;6.31
1590000;6.3112
1600000;6.3124
1610000;6.3136
1620000;6.3147
1630000;6.3158
1640000;6.317
1650000;6.3181
1660000;6.3192
1670000;6.3203
1680000;6.3213
1690000;6.3224
1700000;6.3234
1710000;6.3245
1720000;6.3255
1730000;6.3265
1740000;6.3275
1750000;6.3285
1760000;6.3294
1770000;6.3304
1780000;6.3314
1790000;6.3323
1800000;6.3332
1810000;6.3342
1820000;6.3351
1830000;6.336
1840000;6.3369
1850000;6.3377
1860000;6.3386
1870000;6.3395
1880000;6.3403
1890000;6.3412
1900000;6.342
1910000;6.3428
1920000;6.3437
1930000;6.3445
1940000;6.3453
1950000;6.3461
1960000;6.3468
1970000;6.3476
1980000;6.3484
1990000;6.3492
2000000;6.3499
2010000;6.3507
2020000;6.3514
2030000;6.3521
2040000;6.3529
2050000;6.3536
2060000;6.3543
2070000;6.355
2080000;6.3557
2090000;6.3564
2100000;6.3571
2110000;6.3577
2120000;6.3584
2130000;6.3591
2140000;6.3597
2150000;6.3604
2160000;6.361
2170000;6.3617
2180000;6.3623
2190000;6.3629
2200000;6.3636
2210000;6.3642
2220000;6.3648
2230000;6.3654
2240000;6.366
2250000;6.3666
2260000;6.3672
2270000;6.3678
2280000;6.3683
2290000;6.3689
2300000;6.3695
2310000;6.3701
2320000;6.3706
2330000;6.3712
2340000;6.3717
2350000;6.3723
2360000;6.3728
2370000;6.3733
2380000;6.3739
2390000;6.3744
2400000;6.3749
2410000;6.3754
2420000;6.376
2430000;6.3765
2440000;6.377
2450000;6.3775
2460000;6.378
2470000;6.3785
2480000;6.379
2490000;6.3794
2500000;6.3799
2510000;6.3804
2520000;6.3809
2530000;6.3814
2540000;6.3818
2550000;6.3823
2560000;6.3827
2570000;6.3832
2580000;6.3837
2590000;6.3841
2600000;6.3845
2610000;6.385
2620000;6.3854
2630000;6.3859
2640000;6.3863
2650000;6.3867
2660000;6.3872
2670000;6.3876
2680000;6.388
2690000;6.3884
2700000;6.3888
2710000;6.3892
2720000;6.3896
2730000;6.39
2740000;6.3904
2750000;6.3908
2760000;6.3912
2770000;6.3916
2780000;6.392
2790000;6.3924
2800000;6.3928
2810000;6.3932
2820000;6.3936
2830000;6.3939
2840000;6.3943
2850000;6.3947
2860000;6.395
2870000;6.3954
2880000;6.3958
2890000;6.3961
2900000;6.3965
2910000;6.3968
2920000;6.3972
2930000;6.3976
2940000;6.3979
2950000;6.3982
2960000;6.3986
2970000;6.3989
2980000;6.3993
2990000;6.3996
3000000;6.3999
3010000;6.4003
3020000;6.4006
3030000;6.4009
3040000;6.4013
3050000;6.4016
3060000;6.4019
3070000;6.4022
3080000;6.4025
3090000;6.4029
3100000;6.4032
3110000;6.4035
3120000;6.4038
3130000;6.4041
3140000;6.4044
3150000;6.4047
3160000;6.405
3170000;6.4053
3180000;6.4056
3190000;6.4059
3200000;6.4062
3210000;6.4065
3220000;6.4068
3230000;6.4071
3240000;6.4074
3250000;6.4076
3260000;6.4079
3270000;6.4082
3280000;6.4085
3290000;6.4088
3300000;6.409
3310000;6.4093
3320000;6.4096
3330000;6.4099
3340000;6.4101
3350000;6.4104
3360000;6.4107
3370000;6.4109
3380000;6.4112
3390000;6.4115
3400000;6.4117
3410000;6.412
3420000;6.4122
3430000;6.4125
3440000;6.4127
3450000;6.413
3460000;6.4132
3470000;6.4135
3480000;6.4137
3490000;6.414
3500000;6.4142
3510000;6.4145
3520000;6.4147
3530000;6.415
3540000;6.4152
3550000;6.4154
3560000;6.4157
3570000;6.4159
3580000;6.4162
3590000;6.4164
3600000;6.4166
3610000;6.4168
3620000;6.4171
3630000;6.4173
3640000;6.4175
3650000;6.4178
3660000;6.418
3670000;6.4182
3680000;6.4184
3690000;6.4187
3700000;6.4189
3710000;6.4191
3720000;6.4193
3730000;6.4195
3740000;6.4197
3750000;6.42
3760000;6.4202
3770000;6.4204
3780000;6.4206
3790000;6.4208
3800000;6.421
3810000;6.4212
3820000;6.4214
3830000;6.4216
3840000;6.4218
3850000;6.422
3860000;6.4222
3870000;6.4224
3880000;6.4226
3890000;6.4228
3900000;6.423
3910000;6.4232
3920000;6.4234
3930000;6.4236
3940000;6.4238
3950000;6.424
3960000;6.4242
3970000;6.4244
3980000;6.4246
3990000;6.4248
4000000;6.425
4010000;6.4251
4020000;6.4253
4030000;6.4255
4040000;6.4257
4050000;6.4259
4060000;6.4261
4070000;6.4262
4080000;6.4264
4090000;6.4266
4100000;6.4268
4110000;6.427
4120000;6.4271
4130000;6.4273
4140000;6.4275
4150000;6.4277
4160000;6.4278
4170000;6.428
4180000;6.4282
4190000;6.4284
4200000;6.4285
4210000;6.4287
4220000;6.4289
4230000;6.429
4240000;6.4292
4250000;6.4294
4260000;6.4295
4270000;6.4297
4280000;6.4299
4290000;6.43
4300000;6.4302
4310000;6.4304
4320000;6.4305
4330000;6.4307
4340000;6.4308
4350000;6.431
4360000;6.4312
4370000;6.4313
4380000;6.4315
4390000;6.4316
4400000;6.4318
4410000;6.4319
4420000;6.4321
4430000;6.4322
4440000;6.4324
4450000;6.4325
4460000;6.4327
4470000;6.4328
4480000;6.433
4490000;6.4331
4500000;6.4333
4510000;6.4334
4520000;6.4336
4530000;6.4337
4540000;6.4339
4550000;6.434
4560000;6.4342
4570000;6.4343
4580000;6.4345
4590000;6.4346
4600000;6.4347
4610000;6.4349
4620000;6.435
4630000;6.4352
4640000;6.4353
4650000;6.4354
4660000;6.4356
4670000;6.4357
4680000;6.4359
4690000;6.436
4700000;6.4361
4710000;6.4363
4720000;6.4364
4730000;6.4365
4740000;6.4367
4750000;6.4368
4760000;6.4369
4770000;6.4371
4780000;6.4372
4790000;6.4373
4800000;6.4375
4810000;6.4376
4820000;6.4377
4830000;6.4379
4840000;6.438
4850000;6.4381
4860000;6.4382
4870000;6.4384
4880000;6.4385
4890000;6.4386
4900000;6.4387
4910000;6.4389
4920000;6.439
4930000;6.4391
4940000;6.4392
4950000;6.4394
4960000;6.4395
4970000;6.4396
4980000;6.4397
4990000;6.4398
5000000;6.44
5010000;6.4401
5020000;6.4402
5030000;6.4403
5040000;6.4404
5050000;6.4406
5060000;6.4407
5070000;6.4408
5080000;6.4409
5090000;6.441
5100000;6.4411
5110000;6.4413
5120000;6.4414
5130000;6.4415
5140000;6.4416
5150000;6.4417
5160000;6.4418
5170000;6.4419
5180000;6.4421
5190000;6.4422
5200000;6.4423
5210000;6.4424
5220000;6.4425
5230000;6.4426
5240000;6.4427
5250000;6.4428
5260000;6.4429
5270000;6.443
5280000;6.4431
5290000;6.4433
5300000;6.4434
5310000;6.4435
5320000;6.4436
5330000;6.4437
5340000;6.4438
5350000;6.4439
5360000;6.444
5370000;6.4441
5380000;6.4442
5390000;6.4443
5400000;6.4444
5410000;6.4445
5420000;6.4446
5430000;6.4447
5440000;6.4448
5450000;6.4449
5460000;6.445
5470000;6.4451
5480000;6.4452
5490000;6.4453
5500000;6.4454
5510000;6.4455
5520000;6.4456
5530000;6.4457
5540000;6.4458
5550000;6.4459
5560000;6.446
5570000;6.4461
5580000;6.4462
5590000;6.4463
5600000;6.4464
5610000;6.4465
5620000;6.4466
5630000;6.4467
5640000;6.4468
5650000;6.4469
5660000;6.447
5670000;6.4471
5680000;6.4472
5700000;6.4473
5710000;6.4474
5720000;6.4475
5730000;6.4476
5740000;6.4477
5750000;6.4478
5760000;6.4479
5770000;6.448
5780000;6.4481
5790000;6.4482
5810000;6.4483
5820000;6.4484
5830000;6.4485
5840000;6.4486
5850000;6.4487
5860000;6.4488
5870000;6.4489
5890000;6.449
5900000;6.4491
5910000;6.4492
5920000;6.4493
5930000;6.4494
5940000;6.4495
5950000;6.4496
5970000;6.4497
5980000;6.4498
5990000;6.4499
6000000;6.45
6010000;6.4501
6030000;6.4502
6040000;6.4503
6050000;6.4504
6060000;6.4505
6080000;6.4506
6090000;6.4507
6100000;6.4508
6110000;6.4509
6120000;6.451
6140000;6.4511
6150000;6.4512
6160000;6.4513
6180000;6.4514
6190000;6.4515
6200000;6.4516
6210000;6.4517
6230000;6.4518
6240000;6.4519
6250000;6.452
6270000;6.4521
6280000;6.4522
6290000;6.4523
6300000;6.4524
6320000;6.4525
6330000;6.4526
6340000;6.4527
6360000;6.4528
6370000;6.4529
6380000;6.453
6400000;6.4531
6410000;6.4532
6430000;6.4533
6440000;6.4534
6450000;6.4535
6470000;6.4536
6480000;6.4537
6500000;6.4538
6510000;6.4539
6520000;6.454
6540000;6.4541
6550000;6.4542
6570000;6.4543
6580000;6.4544
6600000;6.4545
6610000;6.4546
6620000;6.4547
6640000;6.4548
6650000;6.4549
6670000;6.455
6680000;6.4551
6700000;6.4552
6710000;6.4553
6730000;6.4554
6740000;6.4555
6760000;6.4556
6770000;6.4557
6790000;6.4558
6800000;6.4559
6820000;6.456
6830000;6.4561
6850000;6.4562
6870000;6.4563
6880000;6.4564
6900000;6.4565
6910000;6.4566
6930000;6.4567
6950000;6.4568
6960000;6.4569
6980000;6.457
6990000;6.4571
7010000;6.4572
7030000;6.4573
7040000;6.4574
7060000;6.4575
7080000;6.4576
7090000;6.4577
7110000;6.4578
7130000;6.4579
7140000;6.458
7160000;6.4581
7180000;6.4582
7190000;6.4583
7210000;6.4584
7230000;6.4585
7250000;6.4586
7260000;6.4587
7280000;6.4588
7300000;6.4589
7320000;6.459
7340000;6.4591
7350000;6.4592
7370000;6.4593
7390000;6.4594
7410000;6.4595
7430000;6.4596
7440000;6.4597
7460000;6.4598
7480000;6.4599
7500000;6.46
7520000;6.4601
7540000;6.4602
7560000;6.4603
7580000;6.4604
7590000;6.4605
7610000;6.4606
7630000;6.4607
7650000;6.4608
7670000;6.4609
7690000;6.461
7710000;6.4611
7730000;6.4612
7750000;6.4613
7770000;6.4614
7790000;6.4615
7810000;6.4616
7830000;6.4617
7850000;6.4618
7870000;6.4619
7890000;6.462
7910000;6.4621
7940000;6.4622
7960000;6.4623
7980000;6.4624
8000000;6.4625
8020000;6.4626
8040000;6.4627
8060000;6.4628
8090000;6.4629
8110000;6.463
8130000;6.4631
8150000;6.4632
8170000;6.4633
8200000;6.4634
8220000;6.4635
8240000;6.4636
8260000;6.4637
8290000;6.4638
8310000;6.4639
8330000;6.464
8350000;6.4641
8380000;6.4642
8400000;6.4643
8430000;6.4644
8450000;6.4645
8470000;6.4646
8500000;6.4647
8520000;6.4648
8540000;6.4649
8570000;6.465
8590000;6.4651
8620000;6.4652
8640000;6.4653
8670000;6.4654
8690000;6.4655
8720000;6.4656
8740000;6.4657
8770000;6.4658
8790000;6.4659
8820000;6.466
8850000;6.4661
8870000;6.4662
8900000;6.4663
8930000;6.4664
8950000;6.4665
8980000;6.4666
9010000;6.4667
9030000;6.4668
9060000;6.4669
9090000;6.467
9120000;6.4671
9140000;6.4672
9170000;6.4673
9200000;6.4674
9230000;6.4675
9260000;6.4676
9280000;6.4677
9310000;6.4678
9340000;6.4679
9370000;6.468
9400000;6.4681
9430000;6.4682
9460000;6.4683
9490000;6.4684
9520000;6.4685
9550000;6.4686
9580000;6.4687
9610000;6.4688
9640000;6.4689
9670000;6.469
9700000;6.4691
9740000;6.4692
9770000;6.4693
9800000;6.4694
9830000;6.4695
9860000;6.4696
9900000;6.4697
9930000;6.4698
9960000;6.4699
9990000;6.47
10100000;6.4703
10200000;6.4706
10300000;6.4709
10400000;6.4711
10500000;6.4714
10600000;6.4717
10700000;6.4719
10800000;6.4722
10900000;6.4725
11000000;6.4727
11100000;6.473
11200000;6.4732
11300000;6.4734
11400000;6.4737
11500000;6.4739
11600000;6.4741
11700000;6.4743
11800000;6.4746
11900000;6.4748
12000000;6.475
12100000;6.4752
12200000;6.4754
12300000;6.4756
12400000;6.4758
12500000;6.476
12600000;6.4762
12700000;6.4764
12800000;6.4765
12900000;6.4767
13000000;6.4769
13100000;6.4771
13200000;6.4773
13300000;6.4774
13400000;6.4776
13500000;6.4778
13600000;6.4779
13700000;6.4781
13800000;6.4782
13900000;6.4784
14000000;6.4786
14100000;6.4787
14200000;6.4789
14300000;6.479
14400000;6.4792
14500000;6.4793
14600000;6.4794
14700000;6.4796
14800000;6.4797
14900000;6.4799
15000000;6.48
15100000;6.4801
15200000;6.4803
15300000;6.4804
15400000;6.4805
15500000;6.4806
15600000;6.4808
15700000;6.4809
15800000;6.481
15900000;6.4811
16000000;6.4812
16100000;6.4814
16200000;6.4815
16300000;6.4816
16400000;6.4817
16500000;6.4818
16600000;6.4819
16700000;6.482
16800000;6.4821
16900000;6.4822
17000000;6.4823
17100000;6.4824
17200000;6.4825
17300000;6.4826
17400000;6.4827
17500000;6.4828
17600000;6.4829
17700000;6.483
17800000;6.4831
17900000;6.4832
18000000;6.4833
18100000;6.4834
18200000;6.4835
18300000;6.4836
18400000;6.4837
18500000;6.4838
18600000;6.4839
18800000;6.484
18900000;6.4841
19000000;6.4842
19100000;6.4843
19200000;6.4844
19400000;6.4845
19500000;6.4846
19600000;6.4847
19700000;6.4848
19900000;6.4849
20000000;6.485
20100000;6.4851
20300000;6.4852
20400000;6.4853
20500000;6.4854
20700000;6.4855
20800000;6.4856
21000000;6.4857
21100000;6.4858
21300000;6.4859
21400000;6.486
21600000;6.4861
21700000;6.4862
21900000;6.4863
22000000;6.4864
22200000;6.4865
22400000;6.4866
22500000;6.4867
22700000;6.4868
22900000;6.4869
23100000;6.487
23200000;6.4871
23400000;6.4872
23600000;6.4873
23800000;6.4874
24000000;6.4875
24200000;6.4876
24400000;6.4877
24600000;6.4878
24800000;6.4879
25000000;6.488
25200000;6.4881
25400000;6.4882
25600000;6.4883
25800000;6.4884
26000000;6.4885
26300000;6.4886
26500000;6.4887
26700000;6.4888
27000000;6.4889
27200000;6.489
27500000;6.4891
27700000;6.4892
28000000;6.4893
28200000;6.4894
28500000;6.4895
28800000;6.4896
29100000;6.4897
29300000;6.4898
29600000;6.4899
29900000;6.49
30200000;6.4901
30500000;6.4902
30800000;6.4903
31200000;6.4904
31500000;6.4905
31800000;6.4906
32200000;6.4907
32500000;6.4908
32900000;6.4909
33200000;6.491
33600000;6.4911
34000000;6.4912
34400000;6.4913
34800000;6.4914
35200000;6.4915
35600000;6.4916
36000000;6.4917
36400000;6.4918
36900000;6.4919
37300000;6.492
37800000;6.4921
38300000;6.4922
38800000;6.4923
39300000;6.4924
39800000;6.4925
40300000;6.4926
40900000;6.4927
41500000;6.4928
42000000;6.4929
42600000;6.493
43200000;6.4931
43900000;6.4932
44500000;6.4933
45200000;6.4934
45900000;6.4935
46600000;6.4936
47300000;6.4937
48100000;6.4938
48900000;6.4939
49700000;6.494
50500000;6.4941
51400000;6.4942
52300000;6.4943
53200000;6.4944
54100000;6.4945
55100000;6.4946
56200000;6.4947
57200000;6.4948
58300000;6.4949
59500000;6.495
60700000;6.4951
61900000;6.4952
63200000;6.4953
64600000;6.4954
66000000;6.4955
67500000;6.4956
69100000;6.4957
70700000;6.4958
72400000;6.4959
74200000;6.496
76000000;6.4961
78000000;6.4962
80100000;6.4963
82300000;6.4964
84600000;6.4965
87100000;6.4966
89700000;6.4967
92400000;6.4968
95300000;6.4969
98500000;6.497
102000000;6.4971
106000000;6.4972
110000000;6.4973
114000000;6.4974
118000000;6.4975
123000000;6.4976
128000000;6.4977
134000000;6.4978
140000000;6.4979
147000000;6.498
154000000;6.4981
163000000;6.4982
172000000;6.4983
182000000;6.4984
194000000;6.4985
208000000;6.4986
223000000;6.4987
241000000;6.4988
262000000;6.4989
286000000;6.499
316000000;6.4991
354000000;6.4992
401000000;6.4993
462000000;6.4994
546000000;6.4995
668000000;6.4996
858000000;6.4997
1201000000;6.4998
2002000000;6.4999
6004000000;6.5
